INSERT INTO `member` (`member_deleted`, `entry_date`, `member_name`, `member_nick_name`, `member_point`, `update_date`, `member_phone`, `member_addr`, `member_addr_detail`, `member_auth_number`, `member_email`, `member_password`, `member_social_id`, `member_social_type`, `role`) VALUES
(0, '2024-01-01 10:00:00', '홍길동', '길동이', 1000, '2024-01-01 10:00:00', '7jOxNrIHpRQeWitiaaSkBw==', '0M9PWNJH/ds0LQyYUosOFGfgf/p5knTXKt3xPYo3S+gaZwPzvmvRoSEuQK+pq8iE', '3jW6gzfR1gkS0bVr3OMaYw==', '123456', 'hong@naver.com', '$2b$12$hjCeA7fgEdGNV5z8TbE0NenK8P95c02io97xYVxJAwbjfdMYg8VDi', NULL, 'LOCAL', 'ROLE_CLIENT'),
(0, '2024-01-02 10:30:00', '김유진', '유진', 2000, '2024-01-02 10:30:00', 'F3RwRMEWjmW1+U0uEjm6Ng', 'EVoEZ0AdDHTZJXlbeq6VirMvsRdTAvA8/ruh74PTwX0=', 'MANlUT9ocd6pCoY2PYYBmw==', '654321', 'kim@naver.com', '$2b$12$hjCeA7fgEdGNV5z8TbE0NenK8P95c02io97xYVxJAwbjfdMYg8VDi', NULL, 'LOCAL', 'ROLE_ADMIN'),
(0, '2024-01-03 11:00:00', '이철수', '철수', 1500, '2024-01-03 11:00:00', 'lDpbxNRJep6LxbKGI+66xg==', '49s/4f8t4axndWeioKyF5juSGueZTl+zeYBBhgVeK5I=', 'gWytwgAo/kNbDwdEstnugQ==', '987654', 'lee@naver.com', '$2b$12$hjCeA7fgEdGNV5z8TbE0NenK8P95c02io97xYVxJAwbjfdMYg8VDi', NULL, 'LOCAL', 'ROLE_CLIENT'),
(0, '2024-01-04 12:00:00', '박지수', '지수', 1200, '2024-01-04 12:00:00', 'UPoRTisytXqYblw5xEuJAw==', 'Nca0Qbl7HZPM1G2taL58+IUeNsY9Ah8ogbSmA3EvG7U=', 'crkk5nzevO9xVKS2AvBmVQ==', '135792', 'park@naver.com', '$2b$12$hjCeA7fgEdGNV5z8TbE0NenK8P95c02io97xYVxJAwbjfdMYg8VDi', NULL, 'LOCAL', 'ROLE_CLIENT'),
(0, '2024-01-05 13:00:00', '최명훈', '명훈', 1800, '2024-01-05 13:00:00', 'IFe+DBlsA444ZUJhHITtng==', 'FIKdc41j6+HWCJUx54ICl5gQG27PjUGL5BDrN0FuLma+zKnrbcixCRzhOcyRI8Mb', 's5/2jqBkf5k1m5HOHYOWzA==', '246801', 'choi@naver.com', '$2b$12$hjCeA7fgEdGNV5z8TbE0NenK8P95c02io97xYVxJAwbjfdMYg8VDi', NULL, 'LOCAL', 'ROLE_SERVICE_MANAGER'),
(0, '2024-01-06 14:00:00', '장민경', '민경', 1100, '2024-01-06 14:00:00', 'gZCj/7SqoAauLrCdvD3Etg==', 'QaMQLt3J0tugs16gUoOpCNw5pAcBlT9dYkzpuB/PPKY=', '7oPlLEzn6pwCWzICTbrKuQ==', '369258', 'jang@naver.com', '$2b$12$hjCeA7fgEdGNV5z8TbE0NenK8P95c02io97xYVxJAwbjfdMYg8VDi', NULL, 'LOCAL', 'ROLE_CLIENT'),
(0, '2024-01-07 15:00:00', '오세훈', '세훈', 900, '2024-01-07 15:00:00', '/dejT8vfh/i8b/5hJfb2zg==', 'gZpnMtM6lAEurscbC8yme4w6lVy3hpA0JwLXWr32GEg=', 'gFmlXLTsg+exRTROm13/fA==', '111213', 'oh@naver.com', '$2b$12$hjCeA7fgEdGNV5z8TbE0NenK8P95c02io97xYVxJAwbjfdMYg8VDi', NULL, 'LOCAL', 'ROLE_CLIENT'),
(0, '2024-01-08 16:00:00', '김동우', '동우', 2500, '2024-01-08 16:00:00', 'rfBmD993Srs3otQhJV7O+g==', 'eXhbSiSnC23J7xt+PJxcx2+sLIovQ55/fqQGynl3sy0=', 'ltEYPSTmBbYsxHH6V3+/dg==', '141516', 'kimd@naver.com', '$2b$12$hjCeA7fgEdGNV5z8TbE0NenK8P95c02io97xYVxJAwbjfdMYg8VDi', NULL, 'LOCAL', 'ROLE_ADMIN'),
(0, '2024-01-09 17:00:00', '이주현', '주현', 2200, '2024-01-09 17:00:00', 'jtcNdDIoMX86louBLGxtrQ==', 'lGkC2e5v2X3zSiDeyZv5KysuIaljqFruzPNi0HPNA7nWyOkx/cytEGTyVu5bzIu8', 'awuDmaU/BpwEjivYCECAdA==', '171819', 'leej@naver.com', '$2b$12$hjCeA7fgEdGNV5z8TbE0NenK8P95c02io97xYVxJAwbjfdMYg8VDi', NULL, 'LOCAL', 'ROLE_CLIENT'),
(0, '2024-01-10 18:00:00', '배수지', '매니저', 2000, '2024-01-10 18:00:00', '+zQLxosizqja5Aeo+E+e+Q==', 'Ik3MhxqCFw8gHBIzHm1KhwMC6idXESdWOolhu4R5rTzH9aVOSC8g+z44Ho5ptAWS', 'A2rKfpfMw3dFEgbqSpDYCg==', '202122', 'bae@naver.com', '$2b$12$hjCeA7fgEdGNV5z8TbE0NenK8P95c02io97xYVxJAwbjfdMYg8VDi', NULL, 'LOCAL', 'ROLE_BOARD_MANAGER');

INSERT INTO `member_bank` (`member_id`, `member_account_number`, `member_bank`) VALUES
(1, 'ImmPeHIxCec1m5F+VnLj5A==', 'NH'),
(2, 'DDDTUPRF90FojfidVmAm7A==', 'KDB'),
(3, 'w8SilY77KW4a3y+wPnx0tg==', 'KB'),
(4, 'PCbGIlFWugPC6MwBRuBorg==', 'NH'),
(5, 'SJdnIjcnUntAZ9CPTCW0RQ==', 'KB'),
(6, '2gOwh5bQzGBVwnm9QAf65Q==', 'NH'),
(7, '5iTiGO4H3ZOZ5a6kDULtag==', 'KB'),
(8, '6+rXwanms+fWPeqSeCoXjw==', 'NH'),
(9, 'u6G3m0l8suv05yE98ES3dg==', 'KB'),
(10, '8+n1PcnCZVEueSR9M5DgdA==', 'NH');
INSERT INTO `product` (`member_id`, `product_created_at`, `product_point`, `product_content`, `product_title`, `product_category`, `product_condition_state`, `product_trade_state`, `product_upload_status`, product_hit) VALUES
(1, '2024-01-01 10:00:00', 1000, '깨끗하게 사용한 아기 책입니다. 페이지마다 오염 없이 잘 보관되었고, 아기가 처음 책을 접하기 좋은 색감과 그림이 많습니다. 5권 세트로 판매합니다.', '동화책 5권 팔아요', 'KIDS_BOOKS', 'HIGH', 'TRADE_COMPLETED', 'STATUS_APPROVE', 504),
(2, '2024-01-02 10:30:00', 4500, '저렴하게 팔아요! 아기 옷 5벌 세트. 대부분 한두 번 입은 상품으로 아주 깨끗합니다. 겨울용과 여름용 혼합 세트입니다. 사이즈는 80 사이즈입니다.', '애기옷 5벌 싸게 팔아요', 'KIDS_CLOTHING', 'HIGH', 'TRADING_AVAILABLE', 'STATUS_APPROVE', 151),
(3, '2024-01-03 11:00:00', 2000, '뉴발란스 아기 신발입니다. 사이즈 130mm로 발이 작은 아기에게 적합합니다. 착용 흔적 거의 없으며, 브랜드 제품이라 더 튼튼합니다. 작은아들 줄려고 샀는데 사이즈가 안맞네요 ㅠㅠ', '뉴발란스 신발 (사이즈 130)', 'KIDS_CLOTHING', 'HIGH', 'TRADING_AVAILABLE', 'STATUS_APPROVE', 55),
(4, '2024-01-04 12:00:00', 2500, '작고 귀여운 아기 가방입니다. 외출 시 필요한 작은 물건들을 담기에 딱 좋아요. 가방 안에 작은 포켓도 있어 편리하게 사용할 수 있습니다. 상태는 양호합니다.', '외출용(여행용) 가방', 'KIDS_CLOTHING', 'MEDIUM', 'TRADING_AVAILABLE', 'STATUS_APPROVE', 222),
(5, '2024-01-05 13:00:00', 15000, '유모차입니다. 2년정도 사용했어요 적당한 크기라서, 야외에서도 편하게 사용할 수 있어요. 바퀴도 부드럽고, 물티슈와 컵홀더도 포함되어 있어요.', '유모차팔아요~', 'MISC', 'LOW', 'TRADE_COMPLETED', 'STATUS_APPROVE', 124),
(6, '2024-01-06 14:00:00', 10000, '편안하고 안정적인 아기 침대입니다. 퀄리티 좋은 나무로 제작되어 튼튼하고 안전합니다. 침대 매트리스도 포함되어 있으며, 푹신해서 좋아요', '애기 나무 침대', 'MISC', 'MEDIUM', 'TRADING_AVAILABLE', 'STATUS_APPROVE',654),
(7, '2024-01-07 15:00:00', 5000, '아기 용품들을 한 번에 구입하고 싶다면 이 세트를 추천해요! 기저귀, 젖병, 장난감 등 모든 걸 포함한 세트입니다. 깨끗하게 사용했습니다.', '아기 용품 세트(젖병, 장난감, 기저귀)', 'MISC', 'MEDIUM', 'TRADE_COMPLETED', 'STATUS_APPROVE',45),
(8, '2024-01-08 16:00:00', 2000, '아기 의자입니다. 식사할 때나 놀이 시간에 편안하게 앉을 수 있도록 디자인되었습니다. 조절 가능한 높이와 안전벨트가 있어서 안전하게 사용할 수 있습니다.', '식사용 의자', 'MISC', 'MEDIUM', 'TRADING_AVAILABLE', 'STATUS_APPROVE',362),
(9, '2024-01-09 17:00:00', 9000, '아기용 침대입니다. 헤드보드에 귀여운 디자인이 있어 인테리어 효과도 있습니다. 매트리스는 별도 구매해야 하며, 전반적인 상태는 매우 좋습니다.', '아기 침대', 'MISC', 'HIGH', 'TRADE_COMPLETED', 'STATUS_APPROVE',152),
(10, '2024-01-10 18:00:00', 2100, '사용한 지 얼마 안 된 아기 장난감입니다. 쥐거나 물어볼 수 있는 부드러운 재질로 만들어졌고, 소리도 나서 아기가 재미있어할 거예요.', '아기 장난감 (부드러운 재질)', 'KIDS_TOYS', 'HIGH', 'TRADING_AVAILABLE', 'STATUS_APPROVE',32),
(1, '2024-01-11 19:00:00', 900, '아기 머리를 따뜻하게 보호할 수 있는 예쁜 모자입니다. 신생아부터 사용할 수 있으며, 색상은 부드러운 파스텔톤입니다. 사용감은 꽤 있지만, 양호한 상태에요.', '파스텔톤 모자', 'KIDS_CLOTHING', 'MEDIUM', 'TRADE_COMPLETED', 'STATUS_APPROVE',92),
(2, '2024-01-12 20:00:00', 650, '사용 흔적 거의 없는 아기 손톱깎이입니다. 안전하게 사용할 수 있도록 디자인된 제품으로, 아기의 작은 손톱도 쉽게 깎을 수 있습니다. 한번 사용해본 제품입니다.', '아기 손톱깎이', 'MISC', 'HIGH', 'TRADING_AVAILABLE', 'STATUS_APPROVE',125),
(3, '2024-01-13 21:00:00', 700, '튼튼하고 안전한 아기 의자입니다. 식사나 놀이를 할 때 편리하게 사용할 수 있으며, 5점식 안전벨트도 포함되어 있어요.', '아기 의자 (식사용)', 'MISC', 'MEDIUM', 'TRADE_COMPLETED', 'STATUS_APPROVE',214),
(4, '2024-01-14 22:00:00', 750, '크기는 S부터 M까지 다양한 사이즈가 있으며, 여분으로 남은 기저귀를 판매합니다. 포장은 그대로 입니다.', '여분 기저귀 팝니다', 'MISC', 'HIGH', 'TRADING_AVAILABLE', 'STATUS_APPROVE',251),
(5, '2024-01-15 23:00:00', 2100, '유모차 액세서리입니다. 선풍기와 컵홀더, 장난감이 달려 있어 유모차 사용 시 더 편리합니다. 모두 새 제품처럼 깨끗하게 사용됐습니다.', '유모자 악세서리', 'MISC', 'HIGH', 'TRADE_COMPLETED', 'STATUS_APPROVE',235),
(6, '2024-01-16 10:00:00', 550, '아기띠입니다. 신생아부터 사용 가능한 아기띠로, 허리와 어깨에 부담을 덜어주는 디자인입니다. 색상은 네이비 블루이며, 상태는 양호합니다.', '아기띠 (네이비 블루)', 'KIDS_CLOTHING', 'LOW', 'TRADING_AVAILABLE', 'STATUS_APPROVE',546),
(7, '2024-01-17 11:00:00', 1100, '아기 세제입니다. 아기 피부에 안전한 성분으로 만들어졌으며, 큰 용량 한 개 남아 있습니다. 사용 기한도 넉넉합니다.', '애기용 안전 세제 1개 팔아요', 'MISC', 'HIGH', 'TRADE_COMPLETED', 'STATUS_APPROVE',344),
(8, '2024-01-18 12:00:00', 950, '아기 바디워시입니다. 아기의 피부를 부드럽게 세정할 수 있는 제품으로, 사용 후 피부에 자극이 없습니다. 사용 기한이 많이 남아 있습니다.', '아기 바디워시', 'MISC', 'LOW', 'TRADING_AVAILABLE', 'STATUS_APPROVE',342),
(9, '2024-01-19 13:00:00', 4000, '아기 옷입니다. 한 번도 사용하지 않은 새 옷으로, 사이즈 80에 딱 맞는 옷입니다. 겨울철에 입기 좋은 따뜻한 옷입니다.', '겨울철 아기 패딩', 'KIDS_CLOTHING', 'HIGH', 'TRADE_COMPLETED', 'STATUS_APPROVE',226),
(10, '2024-01-20 14:00:00', 850, '겨울철 아기 담요입니다. 부드럽고 따뜻한 소재로 만들어져 아기가 차가운 바닥에서 편안하게 쉴 수 있습니다. 상태는 매우 좋습니다.', '아기 담요', 'OUTDOOR_SUPPLIES', 'LOW', 'TRADING_AVAILABLE', 'STATUS_APPROVE',235),
(1, '2024-01-21 15:00:00', 1100, '수유복입니다. 아기에게 수유할 때 편리하게 착용할 수 있는 제품으로, 착용하기 쉽고 편안합니다. 상태는 좋습니다.', '아기 수유복', 'OUTDOOR_SUPPLIES', 'MEDIUM', 'TRADE_COMPLETED', 'STATUS_APPROVE',125),
(2, '2024-01-22 16:00:00', 1150, '아기 배게입니다. 목을 편안하게 지지할 수 있도록 디자인된 배게입니다. 새 제품처럼 깨끗합니다.', '아기 배게', 'MISC', 'HIGH', 'TRADING_AVAILABLE', 'STATUS_APPROVE', 54),
(3, '2024-01-23 17:00:00', 3300, '아기 목욕 용품 세트입니다. 바디워시, 샴푸, 수건 등 아기 목욕에 필요한 용품들이 모두 포함되어 있습니다. 모두 미개봉 새 제품입니다.', '아기 목욕 용품 세트', 'MISC', 'HIGH', 'TRADE_COMPLETED', 'STATUS_APPROVE',22);


INSERT INTO `product_img` (`product_id`, `image_path`) VALUES
(1, '/images/products/아이책 5권.png'),
(2, '/images/products/아기 여름옷 2.png'),
(2, '/images/products/아기 여름옷 1.png'),
(2, '/images/products/아기 옷.png'),
(3, '/images/products/뉴발 아기 신발.png'),
(4, '/images/products/아기 가방.png'),
(5, '/images/products/유모차.png'),
(6, '/images/products/아기나무침대.png'),
(7, '/images/products/아기 젖병.png'),
(7, '/images/products/아기 장난감.png'),
(8, '/images/products/아기 의자.png'),
(9, '/images/products/아기 침대.png'),
(10, '/images/products/아기장난감.png'),
(11, '/images/products/아기 모자.png'),
(12, '/images/products/아기 손톱깍이.png'),
(13, '/images/products/아기 의자2.png'),
(14, '/images/products/기저귀 가방.png'),
(15, '/images/products/유모차 악세서리.png'),
(16, '/images/products/아기 띠.png'),
(17, '/images/products/아기 세재.png'),
(18, '/images/products/아기 바디워시.png'),
(19, '/images/products/아기 겨울 옷.png'),
(20, '/images/products/아기 담요.png'),
(21, '/images/products/수유복.png'),
(22, '/images/products/아기 베개.png'),
(23, '/images/products/아기목욕용품세트.png');


INSERT INTO `product_comment` (`member_id`, `product_comment_created_at`, `product_comment_id`, `product_id`, `product_comment_content`) VALUES
(4, '2024-11-11 18:02:32.056659', 1, 1, '책 내용에 그림이 많이 있나요?'),
(3, '2024-11-11 18:26:01.791108', 2, 1, '맨 아래 있는 책 제목이 잘 안보여요'),
(1, '2024-11-11 18:33:33.883347', 3, 3, '많이 깨끗해 보이는데 사진 상태랑 똑같은 것 맞죠?'),
(1, '2024-11-11 18:35:50.574058', 4, 3, '배송은 얼마나 걸릴까요?'),
(9, '2024-11-11 18:42:47.885365', 5, 4, '디자인이 귀엽긴 한데 그림으로는 크기가 감이 안잡히네요.'),
(5, '2024-11-11 18:47:48.064272', 6, 8, '아기 의자 찾고 있는 중입니다. 아기가 굴러 떨어지지는 않을까요 ? 약간 불안하네요'),
(6, '2024-11-11 18:54:55.911301', 7, 17, '개봉 하지 않은 제품인가요?'),
(7, '2024-11-11 18:57:29.029771', 8, 18, '개봉하지 않은 상태인가요?'),
(1, '2024-11-11 18:59:24.186484', 9, 9, '혹시 크기는 어느정도 인가요?'),
(1, '2024-11-11 19:03:36.520695', 10, 15, '사용하기 편해보이네요. 혹시 사용기간이 얼마나 되나요?'),
(4, '2024-11-11 19:09:50.006252', 11, 13, '조금 높아보이는데 높이 조절도 가능한 가요 ?'),
(9, '2024-11-11 19:21:28.982848', 12, 7, ' 상태랑 가격이 좋네요! 바로 구매 신청 눌렀어요');





INSERT INTO `product_reply` (`member_id`, `product_comment_id`, `product_id`, `product_reply_created_at`, `product_reply_id`, `product_reply_content`) VALUES
(1, 1, 1, '2024-11-11 18:03:36.544021', 1, '그림이 대부분이고 약간의 설명이 있어요'),
(1, 2, 1, '2024-11-11 18:27:49.394339', 2, '\'동물 친구가 좋아\' 입니다.'),
(3, 3, 3, '2024-11-11 18:34:43.377477', 3, '네. 글을 올릴 때 찍고 그대로 상자에 넣어서 보관 중 입니다.'),
(3, 4, 3, '2024-11-11 18:36:33.941760', 4, '배송은 보통 2-3일 소요됩니다.'),
(4, 5, 4, '2024-11-11 18:44:39.535088', 5, '사이즈는 17*16*8 입니다.'),
(8, 6, 8, '2024-11-11 18:48:16.386367', 6, '안전 벨트가 있어서 안전합니다'),
(7, 7, 17, '2024-11-11 18:55:38.212703', 7, '네 개봉하지 않은 큰 용량 아기 세제 한 개 입니다.'),
(8, 8, 18, '2024-11-11 18:57:53.491453', 8, '개봉 후 7번 정도 사용한 상태입니다.'),
(9, 9, 9, '2024-11-11 19:00:48.025354', 9, '유아용 침대로 76cm x 141cm 입니다.'),
(5, 10, 15, '2024-11-11 19:04:19.021691', 10, '3달을 사용했습니다. 흠집 없이 깨끗한 상태입니다.'),
(3, 11, 13, '2024-11-11 19:10:00.159326', 11, '네 높이 조절 가능합니다.'),
(7, 12, 7, '2024-11-11 19:21:45.491596', 12, '감사합니다. 배송 바로 보냈습니다.');


INSERT INTO `orders` (`order_date`, `order_delivery_date`, `order_id`, `product_id`, `order_member_email`, `order_way_bill`, `seller_member_email`, `order_state`) VALUES
 ('2024-11-11 19:25:31.847280', NULL, 1, 16, 'hong@naver.com', NULL, 'jang@naver.com', 'AVAILABLE'),
 ('2024-11-11 19:25:31.847280', '2024-11-12 11:30:00.000000', 2, 1, 'jang@naver.com', 'WB564738291', 'hong@naver.com', 'DELIVERED'),
 ('2024-11-11 19:30:12.234567', '2024-11-12 10:30:00.000000', 3, 5, 'kim@naver.com', 'WB123456789', 'choi@naver.com', 'DELIVERED'),
('2024-11-11 19:40:23.456789', '2024-11-14 09:15:00.000000', 4, 7, 'leej@naver.com', 'WB192837465', 'oh@naver.com', 'DELIVERED'),
('2024-11-11 19:50:01.678901', '2024-11-12 11:30:00.000000', 5, 9, 'hong@naver.com', 'WB564738292', 'leej@naver.com', 'DELIVERED'),
('2024-11-11 19:55:15.789012', NULL, 6, 11, 'lee@naver.com', NULL, 'hong@naver.com', 'COMPLETED'),
('2024-11-11 20:00:40.890123', NULL, 7, 13, 'hong@naver.com', NULL, 'lee@naver.com', 'COMPLETED'),
('2024-11-11 20:05:30.901234', NULL, 8, 6, 'yoo@naver.com', NULL, 'lee@naver.com', 'AVAILABLE'),
('2024-11-11 20:10:20.012345', NULL, 9, 15, 'jang@naver.com', 'WB658321987', 'choi@naver.com', 'SHIPPING'),
('2024-11-11 20:10:20.012345', NULL, 10, 17, 'jang@naver.com', 'WB651321987', 'oh@naver.com', 'SHIPPING'),
('2024-11-11 20:10:20.012345', NULL, 11, 19, 'lee@naver.com', 'WB654221987', 'leej@naver.com', 'SHIPPING'),
('2024-11-11 20:10:20.012345', NULL, 12, 21, 'oh@naver.com', NULL, 'hong@naver.com', 'COMPLETED'),
('2024-11-11 20:10:20.012345', NULL, 13, 23, 'oh@naver.com', NULL, 'lee@naver.com', 'COMPLETED'),
('2024-11-11 20:05:30.901234', NULL, 14, 3, 'leej@naver.com', NULL, 'lee@naver.com', 'AVAILABLE'),
('2024-11-11 20:05:30.901234', NULL, 15, 3, 'yoo@naver.com', NULL, 'lee@naver.com', 'AVAILABLE');

INSERT INTO inquiry (inquiry_category, inquiry_title, inquiry_content, inquiry_created_at, member_id) VALUES
('DELIVERY', '배송 지연 확인 요청', '최근 주문한 상품의 배송이 지연되고 있습니다. 확인 부탁드립니다.', NOW(), 1),
('PRODUCT_DEFECT', '구매한 상품의 결함', '구매한 상품에 흠이 있어 환불 요청합니다.', NOW(), 2),
('POINT_CHARGE', '포인트 충전 방법', '포인트 충전 방법을 설명해주세요.', NOW(), 1),
('POINT_PAYBACK', '포인트 환급 문의', '포인트 환급 방법을 설명해주세요.', NOW(), 3),
('INQ_MISC', '기타 문의 사항', '사이트 회원 수가 궁금합니다.', NOW(), 1),
('DELIVERY', '배송 주소 변경 요청', '배송 주소를 변경하고 싶습니다.', NOW(), 2),
('PRODUCT_DEFECT', '물품 불량 문제', '받은 상품이 불량입니다. 환불해주세요.', NOW(), 3),
('POINT_PAYBACK', '포인트 환급 문의', '포인트 환급금 이체가 지연되고 있습니다.', NOW(), 2),
('INQ_MISC', '기타 질문', '제품 사용법에 대해 질문 있습니다.', NOW(), 1),
('DELIVERY', '배송 추적 문의', '내 주문의 배송 상태를 알고 싶습니다.', NOW(), 3),
('PRODUCT_DEFECT', '제품 교환 요청', '구매한 제품의 색상이 사진과 다릅니다. 환불해 주세요.', NOW(), 1),
('POINT_CHARGE', '포인트 잔여 확인', '내 포인트 잔여량을 확인하고 싶습니다.', NOW(), 2),
('POINT_PAYBACK', '환급 문의', '포인트 환급이 잘못되었습니다.', NOW(), 3),
('INQ_MISC', '회원 가입 문의', '회원 가입 과정에서 문제가 발생했습니다.', NOW(), 1),
('DELIVERY', '배송비 문의', '배송비가 착불로 청구되었습니다.', NOW(), 2),
('PRODUCT_DEFECT', '하자 있는 제품 문의', '구입한 제품이 파손된 상태입니다.', NOW(), 1),
('POINT_PAYBACK', '환급 기간 문의', '포인트 환급 소요 기간이 얼마나 될까요?', NOW(), 2),
('INQ_MISC', '기타 서비스 문의', '서비스 이용에 대한 문의입니다.', NOW(), 1),
('INQ_MISC', '배송 주소 확인', '배송 주소를 다시 한 번 확인하고 싶습니다.', NOW(), 1),
('INQ_MISC', '도배 유저 신고', '누가 제 판매 게시글에 도배하고 있어요. 제제해주세요.', NOW(), 1)
;

INSERT INTO inquiry_answer (inquiry_answer_content, inquiry_answer_created_at, inquiry_id, member_id) VALUES
('배송이 지연된 이유는 물류 센터의 처리 지연입니다. 빠른 시일 내에 배송이 완료될 예정입니다.', NOW(), 1, 2),
('해당 제품은 결함이 확인되었습니다. 환불 또는 교환을 원하시면 고객센터로 문의 부탁드립니다.', NOW(), 2, 3),
('포인트 충전은 마이페이지에서 충전 버튼을 눌러 주시면 됩니다. 카드 결제나 계좌 이체를 통해 가능합니다.', NOW(), 3, 1),
('포인트 환급은 지급된 포인트 내역에서 확인하실 수 있습니다. 지급 완료된 포인트는 일정 기간 내에 환급됩니다.', NOW(), 4, 2),
('사이트 회원 수는 현재 약 500,000명 이상입니다. 회원 가입은 무료로 진행하실 수 있습니다.', NOW(), 5, 3),
('배송 주소 변경은 고객센터를 통해 신청하시면 처리가 가능합니다. 번거로우시겠지만 다시 한 번 확인 부탁드립니다.', NOW(), 6, 1),
('상품 불량에 대해서 사과의 말씀 드리며, 환불 절차는 고객센터에서 도와드리겠습니다.', NOW(), 7, 2),
('포인트 환급에 지연이 발생한 점 사과드리며, 현재 처리 중에 있습니다. 빠른 시일 내에 환급이 완료될 예정입니다.', NOW(), 8, 3),
('제품 사용법에 대한 문의는 사용자 매뉴얼을 참조하시거나 고객센터로 문의 주시면 도움을 드리겠습니다.', NOW(), 9, 2),
('배송 상태는 운송장 번호로 실시간 조회가 가능합니다. 자세한 내용은 해당 운송사의 사이트에서 확인 가능합니다.', NOW(), 10, 1),
('구매한 제품이 색상 차이가 있었습니다. 해당 문제에 대해 교환을 도와드리겠습니다.', NOW(), 11, 3),
('포인트 잔여량은 마이페이지에서 확인하실 수 있습니다. 잔여 포인트가 적다면 충전이 필요할 수 있습니다.', NOW(), 12, 2),
('환급이 잘못 처리된 것 같다면 고객센터로 문의 부탁드립니다. 신속하게 처리해드리겠습니다.', NOW(), 13, 1),
('회원 가입 과정에서 오류가 발생한 점 사과드립니다. 해당 문제는 고객센터에서 처리해 드리겠습니다.', NOW(), 14, 3),
('배송비가 착불로 청구된 것은 주문 시 선택된 결제 방식에 따라 결정됩니다. 자세한 사항은 마이페이지에서 확인 가능합니다.', NOW(), 15, 2),
('구입한 제품이 파손된 상태로 배송된 점 사과드립니다. 교환 또는 환불을 원하시면 고객센터로 문의해주세요.', NOW(), 16, 1),
('환급 소요 기간은 약 3~5일 정도 걸릴 수 있습니다. 더 빠른 처리가 필요하시면 고객센터로 문의 부탁드립니다.', NOW(), 17, 3),
('서비스 이용 관련 문의는 고객센터로 직접 문의해 주시면 안내드리겠습니다. 감사합니다.', NOW(), 18, 1),
('배송 주소를 다시 확인하실 필요가 있으면 고객센터에 문의해 주세요. 주소 수정은 직접 가능합니다.', NOW(), 19, 2)
;

UPDATE inquiry SET inquiry_answered = true WHERE inquiry_id IN (1, 2, 3, 4, 5, 6, 7, 8, 9, 10, 11, 12, 13, 14, 15, 16, 17, 18, 19);

INSERT INTO point_charge
(point_charge_price, tax_free_amount, entry_date, point_charge_point, member_email, member_name, partner_order_id, point_charge_id, point_charge_name, point_charge_result)
VALUES
(10000, 0, '2024-11-08 09:19:12.161353', 1000, 'lee@naver.com', '이철수', 'T72d59007f575eb02203', '0e46798b-', '1000포인트', 'FAIL'),
(50000, 0, '2024-11-08 09:20:48.350508', 5000, 'lee@naver.com', '이철수', 'T72d59607f575eb02204', '3b9121c-', '5000포인트', 'FAIL'),
 (100000, 0, '2024-11-08 09:19:15.568819', 10000, 'lee@naver.com', '이철수', 'T72d590305806393fa4b', 'b4415491-', '10000포인트', 'SUCCESS'),

(10000, 0, '2024-11-08 09:19:12.161353', 1000, 'jang@naver.com', '장민경', 'T72d59007f575eb02103', '0e46718b-', '1000포인트', 'FAIL'),
 (50000, 0, '2024-11-08 09:20:48.350508', 5000, 'jang@naver.com', '장민경', 'T72d59607f575eb12204', '3b9e221c-', '5000포인트', 'FAIL'),
 (100000, 0, '2024-11-08 09:19:15.568819', 10000, 'jang@naver.com', '장민경', 'T72d590305807393fa4b', 'b4615491-', '10000포인트', 'SUCCESS'),

(10000, 0, '2024-11-08 09:19:12.161353', 1000, 'hong@naver.com', '홍길동', 'T72d59007f575eb12203', '0e46898b-', '1000포인트', 'FAIL'),
 (50000, 0, '2024-11-08 09:20:48.350508', 5000, 'hong@naver.com', '홍길동', 'T72d59607f575e202204', '3b99c26c-', '5000포인트', 'FAIL'),
 (100000, 0, '2024-11-08 09:19:15.568819', 10000, 'hong@naver.com', '홍길동', 'T72d590305836393fa4b', 'b0415491-', '10000포인트', 'SUCCESS'),

(10000, 0, '2024-11-08 09:19:12.161353', 1000, 'park@naver.com', '박지수', 'T72d59007f575eB02203', '0e46A98b-', '1000포인트', 'FAIL'),
 (50000, 0, '2024-11-08 09:20:48.350508', 5000, 'park@naver.com', '박지수', 'T72d59607f57Seb02204', '3b9Bc21c-', '5000포인트', 'FAIL'),
 (100000, 0, '2024-11-08 09:19:15.568819', 10000, 'park@naver.com', '박지수', 'T72d590305Z06393fa4b', 'bC415491-', '10000포인트', 'SUCCESS'),

(10000, 0, '2024-11-08 09:19:12.161353', 1000, 'oh@naver.com', '오세훈', 'T72d59007f5758b02203', '0e46D88b-', '1000포인트', 'FAIL'),
 (50000, 0, '2024-11-08 09:20:48.350508', 5000, 'oh@naver.com', '오세훈', 'T72d59607f575Hb02204', '3b9sc21c-', '5000포인트', 'FAIL'),
 (100000, 0, '2024-11-08 09:19:15.568819', 10000, 'oh@naver.com', '오세훈', 'T72d5903058N6393fa4b', 'bF415491-', '10000포인트', 'SUCCESS'),

(10000, 0, '2024-11-08 09:19:12.161353', 1000, 'choi@naver.com', '최명훈', 'T72d59007f575eM02203', '0e46G98b-', '1000포인트', 'FAIL'),
 (50000, 0, '2024-11-08 09:20:48.350508', 5000, 'choi@naver.com', '최명훈', 'T72d59607f575Tb02204', '3b9Nc21c-', '5000포인트', 'FAIL'),
 (100000, 0, '2024-11-08 09:19:15.568819', 10000, 'choi@naver.com', '최명훈', 'T72d590305836393fa4b', 'bK415491-', '10000포인트', 'SUCCESS'),

(30000, 0, '2024-11-08 09:19:12.161353', 3000, 'park@naver.com', '박지수', 'T72d59007f575eb02223', '0e46Z98b-', '1000포인트', 'FAIL'),
 (1000, 0, '2024-11-08 09:20:48.350508', 100, 'oh@naver.com', '오세훈', 'T72d59607f575eb02704', '3b9Xc21c-', '5000포인트', 'FAIL'),
 (300000, 0, '2024-11-08 09:19:15.568819', 30000, 'hong@example.com', '최명훈', 'T72d590305806399fa4b', 'b4B15491-', '10000포인트', 'SUCCESS');

 INSERT INTO `point_pay_back`
 (`point_pay_back_price`, `entry_date`, `point_pay_back_point`, `bank`, `bank_account_number`, `bank_name`, `member_email`, `member_name`, `point_pay_back_id`, `point_pay_back_result`)
  VALUES
 (1000, '2024-11-08 09:58:00.546806', 100, '004', '1000003188002', '국민은행', 'lee@naver.com', '이철수', '4771', 'FAIL'),
 (1000, '2024-11-08 10:03:42.723408', 100, '002', '1000003188002', '산업은행', 'lee@naver.com', '이철수', '6575', 'SUCCESS'),

 (3000, '2024-11-06 09:58:00.546806', 300, '002', '1000003188023', '산업은행', 'lee@naver.com', '이철수', '4251', 'FAIL'),
 (3000, '2024-11-06 10:03:42.723408', 300, '002', '1000003188002', '산업은행', 'lee@naver.com', '이철수', '6517', 'SUCCESS'),

 (7000, '2024-11-07 09:58:00.546806', 700, '004', '1000003288002', '국민은행', 'lee@naver.com', '이철수', '4471', 'FAIL'),
 (7000, '2024-11-07 10:03:42.723408', 700, '002', '1000003188002', '산업은행', 'lee@naver.com', '이철수', '6757', 'SUCCESS'),

 (10000, '2024-11-08 09:58:00.546806', 1000, '002', '3020000011702', '산업은행', 'hong@naver.com', '홍길동', '6271', 'FAIL'),
 (10000, '2024-11-08 10:03:42.723408', 1000, '011', '3020000011702', '농협은행', 'hong@naver.com', '홍길동', '6957', 'SUCCESS'),

 (50000, '2024-11-07 09:58:00.546806', 5000, '004', '3020000011702', '국민', 'hong@naver.com', '홍길동', '8271', 'FAIL'),
 (50000, '2024-11-07 10:03:42.723408', 5000, '011', '3020000011702', '농협은행', 'hong@naver.com', '홍길동', '6577', 'SUCCESS'),

 (15000, '2024-11-06 09:58:00.546806', 1500, '011', '3020000011704', '산업은행', 'hong@naver.com', '홍길동', '9271', 'FAIL'),
 (15000, '2024-11-06 10:03:42.723408', 1500, '011', '3020000011702', '농협은행', 'hong@naver.com', '홍길동', '6597', 'SUCCESS');

 INSERT INTO board (
 board_category, board_title, board_content, board_created_at, member_id, board_hit
 ) VALUES
 ('REQUEST', '아기 침대 찾아요', '아기 침대 찾고 있어요. 괜찮은 가격에 올려주시면 바로 삽니다.', '2024-10-27 19:42:54', 1, 0),
 ('REQUEST', '미끄럼틀 올려주실분?', '아기미끄럼틀 매물이 별로 없네요', '2024-10-27 19:42:54', 2, 102),
 ('NOTICE', '아이비 게시판 규칙', '1. 회원간의 상호간 예의를 지킵시다. 2. 특정 인물을 항햔 저격 게시글 금지 ', '2024-10-27 19:30:54', 10, 8),
 ('NOTICE', '오픈 기념 아이비 이벤트', '안녕하세요 아이비입니다. 오픈 기념 판매 물품 등록 하신 분들 중 추첨 50명 xxx상품권을 드립니다', '2024-10-27 19:42:54', 10, 11),
 ('GENERAL', '안녕하세요', '안녕하세요! 육아용품을 구하러 가입했습니다. 잘부탁드려요', '2024-10-29 15:22:54', 1, 50),
 ('GENERAL', '다들 좋은 하루 되세요', '소중한 가족들이 함께하는 11월이 되세요~', '2024-11-01 17:42:54', 2, 14),
 ('REQUEST', '유모차 구합니다', '괜찮은 유모차 있으면 하나 사고 싶어요. 판매글 올려주세요', '2024-11-01 19:55:54', 3, 2),
 ('QUESTION', '어떤 미끄럼틀이 좋아보이나요?', '노란색이랑  주황색 미끄럼틀 둘중 어떤게 더 좋아보이나요?', '2024-11-01 22:27:54', 2, 5),
 ('QUESTION', '어떤 옷이 더 괜찮을까요?', '지금 판매글 올라와 있는 옷들 중 파란색 패딩이랑 회색 패딩이중 고민이에요', '2024-11-02 08:42:54', 1, 4),
 ('INFORMATION', '보관 용기 정보 공유', '이유식 보관하는데 잘못 지식을 가지고 보관하면 우리 아이가 아픕니다. 자세한 정보를 공유하기 위해 ...', '2024-11-02 16:32:54', 3,8),
 ('INFORMATION', '좋은 유아 침대를 고르기 위해 알아야 할것', '유아 시기에 아이는 매우 연약합니다. 잘못된 침대를 고르면 아이에게 이상이 ...', '2024-11-03 08:52:54', 1,9),
 ('REQUEST', '아이 장난감 찾아요', '5살 남자 아이가 가지고 놀만한 장난감 모음 구합니다.', '2024-11-03 19:45:54', 2, 7),
 ('REQUEST', '목욕용품 세트 구해요', '괜찮은 것 있으면 판매글 올려주세요', '2024-10-28 14:42:54', 3, 10),
 ('INFORMATION', '3~5세 아이한테 필요한 것들', '안녕하세요. 초보 부모입니다. 5살 아들을 육아하면서 필요한데 없어서 급하게 구했던 경험을 공유합니다.', '2024-11-03 17:12:54', 1, 8),
 ('QUESTION', '아기 침대는 어떤 것이 좋을까요?', '아기 침대를 하나 구하려고 하는데 어떤 아기 침대가 좋은건지 위험하지는 않은지 걱정이되네요..', '2024-11-04 17:05:54', 2, 12),
 ('REQUEST', '미개봉 귀저귀 구합니다', '미개봉 귀저기들 소대량 전부 구합니다. 판매글 올려주세요', '2024-11-04 19:48:54', 1, 45),
 ('QUESTION', '3살 딸인데 이 장난감 괜찮을까요?', '아이랑 놀아주기 위해서 생각중인 장난감인데 어떤가요? ', '2024-11-05 08:20:54', 2, 111),
 ('QUESTION', '갓난아기가 침대를 사용해도 되나요?', '12월에 출산 예정이여서 구경하고 있는데 지금 올라와 있는 제품이 마음에 드는데 갓난아기가 사용해도 되나요?', '2024-11-05 12:32:54', 1, 12),
 ('GENERAL', '벌써 11월이네요', '날씨도 추운데 다들 몸조심하시고 좋은일 있으시길!', '2024-11-05 19:42:54', 3, 55),
 ('GENERAL', '아이 키우는게 힘드네요', '5살 남자 아이인데 옆집 아이랑 싸웠어요..어떻게 해야될까요..', '2024-11-06 11:52:54', 2, 7),
 ('REQUEST', '물놀이 용품 구해요', '3살 아이가 가지고 놀 만한 것으로 구해요', '2024-11-06 19:44:54', 3, 10),
 ('INFORMATION', '5~7세 아이한테 필요한 것들', '안녕하세요. 베테랑 부모입니다. 3남매를 키우면서 곤란했던 경험을 공유합니다.', '2024-11-06 15:02:54', 1, 8),
 ('QUESTION', '이 장난감에 의견좀 주실 분?', '4살 딸인데 위험한 것 같은 요소가 있는지 같이 봐주실 수 있으신가요 ?', '2024-11-26 17:48:54', 2, 12),
 ('REQUEST', '미개봉 귀저귀 구합니다', '미개봉 귀저기들 소대량 전부 구합니다. 판매글 올려주세요', '2024-11-06 19:42:54', 1, 45),
 ('QUESTION', '조언좀 구합니다.', '4살 딸이 2살 아들을 귀여워 하는지 계속 물려고 하고 있어요..못하게 막고 있긴한데 어떻게 해야될까요?', '2024-11-07 15:32:54', 2, 111),
 ('INFORMATION', '갓난 아기에게 위험한 것', '아이에게 뽀뽀하지 마세요. 어른이 뽀뽀할대 압력이 아이한테 위험할 수 있습니다. ', '2024-11-07 17:42:54', 1, 12),
 ('GENERAL', '벌써 내일은 금요일이에요!', '내일만 버티면 주말!', '2024-11-07 19:42:54', 3, 55);

 INSERT INTO `board_comment` (`board_comment_status`, `board_comment_created_at`, `board_comment_id`, `board_id`, `member_id`, `board_comment_content`) VALUES
 (0, '2024-10-27 19:50:00', 1, 1, 2, '아기 침대 찾고 계신 분들이 많네요! 좋은 가격에 판매되는 것들을 함께 알아보면 좋겠어요.'),
 (0, '2024-10-27 19:52:00', 2, 2, 3, '미끄럼틀 찾고 계신 분 많으시네요. 괜찮은 매물이 있으면 알려드릴게요. 함께 구경해봐요!'),
 (0, '2024-10-27 19:35:00', 3, 3, 2, '이 게시판이 서로 도와주며 좋은 분위기로 이어지면 좋겠네요. 규칙을 잘 지켜서 더욱 즐거운 곳으로 만들어요!'),
 (0, '2024-10-27 19:50:00', 4, 4, 1, '아이비 이벤트가 정말 기대돼요! 좋은 기회를 주셔서 감사해요, 참여해볼게요.'),
 (0, '2024-10-29 15:30:00', 5, 5, 3, '육아용품에 관심 많은 분들이 많네요. 정보도 많이 나눠주고 함께 도움이 되면 좋겠어요.'),
 (0, '2024-11-01 17:50:00', 6, 6, 1, '추운 날씨에 건강이 가장 중요한 것 같아요. 모두 감기 조심하세요!'),
 (0, '2024-11-01 19:58:00', 7, 7, 1, '유모차 관련 정보가 많이 필요하네요! 좋은 정보 있으면 공유해주세요.'),
 (0, '2024-11-01 22:35:00', 8, 8, 3, '노란색 미끄럼틀이 훨씬 더 아기에게 어울릴 것 같아요! 색감도 밝고 재미있네요.'),
 (0, '2024-11-02 08:50:00', 9, 9, 2, '회색 패딩이 실용적이죠! 두 색 모두 예쁘지만, 일상에서 더 자주 입을 것 같아요.'),
 (0, '2024-11-02 16:40:00', 10, 10, 1, '이유식 보관 팁, 정말 중요한 정보네요. 육아에 도움이 될 것 같아요!'),
 (0, '2024-11-03 09:00:00', 11, 11, 3, '유아 침대 고를 때 안전성 최우선이죠. 좋은 정보 공유해주셔서 감사합니다!'),
 (0, '2024-11-03 19:50:00', 12, 12, 2, '아이들이 좋아할 만한 장난감을 찾고 계신 분들이 많네요. 추천해주실 만한 것들 있으시면 공유해주세요!'),
 (0, '2024-10-28 14:50:00', 13, 13, 1, '귀저귀는 정말 많이 찾는 제품이죠. 필요하신 분들께 도움이 되길 바랍니다!'),
 (0, '2024-11-03 17:20:00', 14, 14, 3, '초보 부모님들께 정말 유용한 경험이네요. 저도 도움이 많이 될 것 같아요!'),
 (0, '2024-11-04 17:10:00', 15, 15, 2, '아기 침대 고르기 어려운 문제죠. 유용한 팁이나 추천 있으면 알려주세요!'),
 (0, '2024-11-04 19:50:00', 16, 16, 1, '귀저귀를 찾는 분들이 많이 보이네요.'),
 (0, '2024-11-05 08:30:00', 17, 17, 3, '그 장난감 저도 보고 고민 중이에요. 사용해본 분들의 후기나 추천이 궁금하네요!'),
 (0, '2024-11-05 12:40:00', 18, 18, 2, '아기 침대 고르기 어렵죠. 안전하면서 편리한 제품을 찾는 게 우선인 것 같아요.'),
 (0, '2024-11-05 19:50:00', 19, 19, 1, '11월이 시작되었네요! 모두 건강하고 행복한 한 달 되세요!'),
 (0, '2024-11-06 11:55:00', 20, 20, 3, '아이들 싸움은 정말 힘든 일이죠. 어떻게 잘 해결하는지 경험 공유해주시면 감사하겠습니다!'),
 (0, '2024-11-06 19:50:00', 21, 21, 2, '물놀이 용품 찾는 분들이 많네요. 시원하고 재밌는 제품 추천 부탁드려요!'),
 (0, '2024-11-06 15:10:00', 22, 22, 1, '베테랑 부모님의 팁 정말 도움이 돼요. 저도 많은 것을 배우고 있어요.'),
 (0, '2024-11-26 17:55:00', 23, 23, 2, '장난감 안전 확인은 정말 중요하죠! 아이들이 안전하게 사용할 수 있는 제품인지 체크해야 해요.'),
 (0, '2024-11-06 19:55:00', 24, 24, 1, '제발 올려주세요..'),
 (0, '2024-11-07 15:45:00', 25, 25, 3, '아이들 간의 관계는 정말 중요하죠. 어떻게 하면 더 좋은 방법이 있을지 고민되네요.'),
 (0, '2024-11-07 17:50:00', 26, 26, 2, '어른들이 아이들에게 미치는 영향도 크죠. 어떻게 행동하는지 신경 써야 할 것 같아요!'),
 (0, '2024-11-07 19:50:00', 27, 27, 1, '주말이 다가오네요! 오늘 하루도 힘내세요!');

 -- 대댓글 삽입
 INSERT INTO `board_reply` (`board_reply_status`, `board_comment_id`, `board_id`, `board_reply_created_at`, `board_reply_id`, `member_id`, `board_reply_content`) VALUES
 (0, 1, 1, '2024-10-27 19:55:00', 1, 4, '아기침대 관련 게시물 올렸어요! 확인하고 가세요~'),
 (0, 2, 2, '2024-10-27 19:58:00', 2, 1, '미끄럼틀 찾고 계시다면 저도 괜찮은 매물 찾으면 알려드릴게요!'),
 (0, 3, 3, '2024-10-27 19:40:00', 3, 3, '모두 규칙을 지키며 좋은 분위기 유지해봐요! 서로 배려하고 도와주는 커뮤니티 만들어요.'),
 (0, 4, 4, '2024-10-27 19:55:00', 4, 2, '아이비 이벤트, 정말 좋은 기회인 것 같아요. 참여하고 싶었는데 좋은 정보 감사합니다!'),
 (0, 5, 5, '2024-10-29 15:35:00', 5, 4, '반갑습니다! 자주 들러서 육아 관련 정보 공유할게요. 잘 부탁드립니다!'),
 (0, 6, 6, '2024-11-01 18:00:00', 6, 5, '추운 날씨에는 건강이 제일 중요하죠. 다들 따뜻하게 입고 조심하세요!'),
 (0, 7, 7, '2024-11-01 20:00:00', 7, 3, '유모차 관련 정보 공유해주세요! 저도 좋은 제품을 찾고 있어요.'),
 (0, 8, 8, '2024-11-01 22:45:00', 8, 2, '노란색 미끄럼틀, 정말 귀여워요! 아기한테도 잘 어울릴 것 같아요.'),
 (0, 9, 9, '2024-11-02 09:00:00', 9, 1, '회색 패딩은 실용성도 있고, 일상에서 편하게 입을 수 있을 것 같아요. 추천해주셔서 감사해요!'),
 (0, 10, 10, '2024-11-02 16:50:00', 10, 3, '이유식 보관, 정말 중요한 정보예요. 좋은 팁 감사합니다!'),
 (0, 11, 11, '2024-11-03 09:10:00', 11, 2, '아기 침대 고를 때 안전은 최우선이죠. 좋은 정보 감사합니다!'),
 (0, 12, 12, '2024-11-03 19:55:00', 12, 1, '장난감 찾고 있는 분 많네요. 저도 아이가 좋아할 만한 것들 찾아볼게요!'),
 (0, 13, 13, '2024-10-28 14:55:00', 13, 2, '판매글 올렸습니다 구경하고 가세요!'),
 (0, 14, 14, '2024-11-03 17:30:00', 14, 3, '초보 부모님들에게 정말 유용한 경험 공유해주셔서 감사합니다! 저도 많이 배워가요.'),
 (0, 15, 15, '2024-11-04 17:20:00', 15, 2, '아기 침대 고르는 데 도움이 될 만한 팁, 정말 유용해요. 추천 감사합니다!'),
 (0, 16, 16, '2024-11-04 20:00:00', 16, 3, '귀저귀 구하는 분들 많네요. 필요한 사람들끼리 서로 도와주면 좋겠어요!'),
 (0, 17, 17, '2024-11-05 08:40:00', 17, 1, '그 장난감도 고민되네요. 사용 후기도 궁금해요. 경험 있으신 분들 알려주세요!'),
 (0, 18, 18, '2024-11-05 12:45:00', 18, 2, '아기 침대 고를 때 안전한 제품이 중요한 것 같아요. 여러 가지 제품을 비교해야겠어요!'),
 (0, 19, 19, '2024-11-05 19:55:00', 19, 3, '11월에도 행복한 일이 많길 바랍니다! 모두 건강하길 바랍니다.'),
 (0, 20, 20, '2024-11-06 12:00:00', 20, 1, '아이들 싸움, 정말 피곤하죠. 경험 있으신 분들의 팁을 부탁드려요!'),
 (0, 21, 21, '2024-11-06 19:55:00', 21, 2, '물놀이 용품 찾는 분들 많네요. 추천해주시면 정말 감사하겠습니다!'),
 (0, 22, 22, '2024-11-06 15:20:00', 22, 3, '베테랑 부모님들의 경험은 정말 유용해요. 많은 것을 배우고 있습니다.'),
 (0, 23, 23, '2024-11-26 18:00:00', 23, 2, '장난감 안전 확인, 정말 중요하죠! 아이들이 사용할 때 안전한지 꼭 체크해야 해요.'),
 (0, 24, 24, '2024-11-06 20:00:00', 24, 3, '판매글 올렸어요 구경하고 가세요!'),
 (0, 25, 25, '2024-11-07 15:50:00', 25, 1, '아이들 간의 관계도 정말 중요하죠. 좋은 방법이 있다면 알려주세요!'),
 (0, 26, 26, '2024-11-07 18:00:00', 26, 2, '어른들이 아이들에게 미치는 영향도 크죠. 신경 써야 할 점들 잘 알려주셔서 감사합니다!'),
 (0, 27, 27, '2024-11-07 20:00:00', 27, 3, '주말이 기다려지네요! 힘내세요, 좋은 하루 되세요!');